{
  "learning_rate": 0.0002111193022461917,
  "beta1": 0.8748186204170956,
  "beta2": 0.8576876516215266,
  "warmup_steps": 9999,
  "weight_decay": 0.18033280763289028,
  "label_smoothing": 0.0
}