accumulated_eval_time,accumulated_logging_time,accumulated_submission_time,global_step,preemption_count,score,test/loss,test/num_examples,total_duration,train/loss,validation/loss,validation/num_examples
813.182501077652,0.0,20.942517280578613,1,0,20.942517280578613,0.457260122944079,95000000,834.1250734329224,0.4569449610305282,0.4571109073102294,83274637
1456.6285498142242,0.0256640911102294,1221.314148426056,1521,0,1221.314148426056,0.1282897442639802,95000000,2678.023252725601,0.1242542823999183,0.1258836863985669,83274637
2016.864410877228,0.0503592491149902,2421.367050409317,3037,0,2421.367050409317,0.1271590245271381,95000000,4438.388706684113,0.1243784172261286,0.1247065146412016,83274637
2558.6020953655243,0.0732090473175048,3621.3504645824432,4555,0,3621.3504645824432,0.1268894827919408,95000000,6180.184489965439,0.1230034951893788,0.1245234417083079,83274637
3071.354640007019,0.0977675914764404,4821.317496538162,6087,0,4821.317496538162,0.1267936776624177,95000000,7892.981649637222,0.1233932793890155,0.1243785472760451,83274637
3527.707134723664,0.125211477279663,6021.926441669464,7600,0,6021.926441669464,0.1266444441200657,95000000,9550.021806240082,0.1227233855979247,0.1242731458953252,83274637
3858.912323474884,0.1494441032409668,7222.050496816635,9109,0,7222.050496816635,0.12616021638569078,95000000,11081.426317453384,0.12224845297681461,0.12382877749552663,83274637
