accumulated_eval_time,accumulated_logging_time,accumulated_submission_time,global_step,preemption_count,score,test/loss,test/num_examples,total_duration,train/loss,validation/loss,validation/num_examples
23.535862922668457,0.0,10.69684362411499,1,0,10.69684362411499,0.4188618532072368,95000000,34.23276495933533,0.4176470236208454,0.4188120656037804,83274637
46.04471206665039,0.0211014747619628,1210.9046003818512,1385,0,1210.9046003818512,0.1286561589432565,95000000,1257.0154948234558,0.1257467939043944,0.1262581310471518,83274637
68.33290123939514,0.0490431785583496,2411.299080133438,2767,0,2411.299080133438,0.1284978528166118,95000000,2479.7721927165985,0.1240582037834251,0.126174739059505,83274637
90.88132357597352,0.0729458332061767,3611.7111065387726,4148,0,3611.7111065387726,0.1287472412006579,95000000,3702.8027780056,0.1246463721090892,0.1263915748046881,83274637
113.57464456558228,0.0985362529754638,4812.121766090393,5532,0,4812.121766090393,0.1281059535773026,95000000,4925.977107524872,0.1261061483865264,0.1257231651156882,83274637
136.3490800857544,0.1220607757568359,6012.393161773682,6894,0,6012.393161773682,0.1278534981599506,95000000,6149.090483188629,0.1229537926942297,0.1254273176556296,83274637
159.09422087669373,0.14670157432556152,7213.036543607712,8258,0,7213.036543607712,0.12774747687088817,95000000,7372.547692298889,0.12317954655150948,0.12541083008938844,83274637
