{
  "dropout_rate": 0.0,
  "label_smoothing": 0.0,
  "learning_rate": 0.004958460849689891,
  "one_minus_beta1": 0.13625575743,
  "beta2": 0.6291854735396584,
  "weight_decay": 0.1147386261512052,
  "warmup_factor": 0.02
}