{
    "learning_rate": {
        "feasible_points": [
            0.001308209823469072
        ]
    },
    "beta1": {
        "feasible_points": [
            0.9731333693827139
        ]
    },
    "beta2": {
        "feasible_points": [
            0.9981232922116359
        ]
    },
    "warmup_steps": {
        "feasible_points": [
            9999
        ]
    },
    "weight_decay": {
        "feasible_points": [
            0.16375311233774334
        ]
    }
}
