{
    "learning_rate": {
        "feasible_points": [
            0.002106913873888147
        ]
    },
    "beta1": {
        "feasible_points": [
            0.8231189937738506
        ]
    },
    "beta2": {
        "feasible_points": [
            0.8774571227688758
        ]
    },
    "warmup_steps": {
        "feasible_points": [
            1199
        ]
    },
    "weight_decay": {
        "feasible_points": [
            0.27590534177690645
        ]
    }
}
