accumulated_eval_time,accumulated_logging_time,accumulated_submission_time,global_step,preemption_count,score,test/loss,test/num_examples,total_duration,train/loss,validation/loss,validation/num_examples
22.35922241210937,0.0,8.699556589126587,1,0,8.699556589126587,0.457260122944079,95000000,31.05883479118347,0.4564077383692159,0.4571109073102294,83274637
43.892783403396606,0.0172150135040283,1208.6605892181396,1393,0,1208.6605892181396,0.1294493597347862,95000000,1252.619071483612,0.1236191887713078,0.1269140963615068,83274637
65.52731323242188,0.0454833507537841,2408.7519080638885,2789,0,2408.7519080638885,0.1287058117290296,95000000,2474.4223458766937,0.1246785134451944,0.1262659647367331,83274637
87.28004765510559,0.0741846561431884,3609.058803796768,4163,0,3609.058803796768,0.128459453176398,95000000,3696.559238433838,0.123837466884709,0.1260347184195021,83274637
109.08179664611816,0.0967528820037841,4809.377663612366,5548,0,4809.377663612366,0.128173310598273,95000000,4918.750566482544,0.1234656887234381,0.1258077316806556,83274637
130.91276717185974,0.1190395355224609,6009.324901580811,6936,0,6009.324901580811,0.1277705654810855,95000000,6140.600414991379,0.1253732571718078,0.1254328360112665,83274637
152.78353452682495,0.1488809585571289,7209.504168272018,8319,0,7209.504168272018,0.12781594426398027,95000000,7362.730304002762,0.12423908162229466,0.12550816220835043,83274637
