accumulated_eval_time,accumulated_logging_time,accumulated_submission_time,global_step,preemption_count,score,test/loss,test/num_examples,total_duration,train/loss,validation/loss,validation/num_examples
23.48318362236023,0.0,10.086588859558104,1,0,10.086588859558104,1.5194805184210527,95000000,33.56980895996094,1.5201884942984432,1.5212185261462023,83274637
46.37395644187927,0.0187075138092041,1210.5401918888092,1579,0,1210.5401918888092,0.1288543638980263,95000000,1256.9842765331268,0.1277041979274659,0.1264533591197161,83274637
69.08802628517151,0.0517487525939941,2410.887097120285,3159,0,2410.887097120285,0.1284411678453947,95000000,2480.129752635956,0.1248658452206437,0.1261587597418767,83274637
91.64909315109252,0.081200361251831,3611.227801322937,4743,0,3611.227801322937,0.1279277331003289,95000000,3703.112888813019,0.1244182016864512,0.1257831604518882,83274637
114.43777704238892,0.1066071987152099,4811.301905870438,6324,0,4811.301905870438,0.1278399025801809,95000000,4926.051818847656,0.1229074633440131,0.1256336655136065,83274637
137.12053418159485,0.1333255767822265,6011.683310031891,7911,0,6011.683310031891,0.12789141796875,95000000,6149.194463253021,0.1258539432812037,0.1255955362195094,83274637
160.01790714263916,0.16205430030822754,7211.92481803894,9500,0,7211.92481803894,0.1276304653885691,95000000,7372.413366794586,0.12368268950742746,0.12541117594236706,83274637
