accumulated_eval_time,accumulated_logging_time,accumulated_submission_time,global_step,preemption_count,score,test/loss,test/num_examples,total_duration,train/loss,validation/loss,validation/num_examples
142.94095396995544,0.0,5.999122381210327,1,0,5.999122381210327,1.1383302977796053,95000000,148.94012141227722,1.1381916647437234,1.1412394287140513,83274637
164.9314045906067,0.0208840370178222,1206.7365925312042,1412,0,1206.7365925312042,0.1283274101356908,95000000,1371.735160112381,0.1242735869479629,0.1258216658077416,83274637
188.3298783302307,0.0456488132476806,2406.797998189926,2865,0,2406.797998189926,0.1273177606393914,95000000,2595.266819000244,0.1248169975273264,0.1249308702142706,83274637
210.46006774902344,0.0704514980316162,3606.999135971069,4321,0,3606.999135971069,0.1269606765522204,95000000,3817.669621944428,0.1232700200294548,0.1247298527514145,83274637
233.3674511909485,0.0937106609344482,4807.333256721497,5755,0,4807.333256721497,0.1267128283511513,95000000,5040.979163885117,0.1226670890109344,0.1243506332396261,83274637
255.59379959106445,0.1180720329284668,6007.554527759552,7201,0,6007.554527759552,0.1262388908717105,95000000,6263.496790409088,0.124997078575803,0.1239542023236318,83274637
278.29405975341797,0.14840149879455566,7208.236174821854,8653,0,7208.236174821854,0.1260754088199013,95000000,7486.954886198044,0.12412071260828642,0.12380786007471578,83274637
