{
  "learning_rate": 0.006173154695175443,
  "beta1": 0.8496694604806512,
  "beta2": 0.4639437428687345,
  "warmup_steps": 1357,
  "weight_decay": 0.1679001017957879
}