{
  "learning_rate": 0.008334676559764446,
  "beta1": 0.8294338711079317,
  "beta2": 0.8551723332825868,
  "warmup_steps": 2714,
  "weight_decay": 0.01371235755699044
}