{
    "learning_rate": {
        "feasible_points": [
            0.0007852999990476642
        ]
    },
    "beta1": {
        "feasible_points": [
            0.6994142393023162
        ]
    },
    "beta2": {
        "feasible_points": [
            0.9918636824608852
        ]
    },
    "warmup_steps": {
        "feasible_points": [
            6000
        ]
    },
    "weight_decay": {
        "feasible_points": [
            0.07286322158086678
        ]
    }
}
