accumulated_eval_time,accumulated_logging_time,accumulated_submission_time,global_step,preemption_count,score,test/loss,test/num_examples,total_duration,train/loss,validation/loss,validation/num_examples
174.805522441864,0.0,5.898716688156128,1,0,5.898716688156128,0.5930051776315789,95000000,180.70427775383,0.5933512944095539,0.5934494414247642,83274637
198.0180559158325,0.0196254253387451,1205.983119249344,1531,0,1205.983119249344,0.1279737744449013,95000000,1404.0712733268738,0.1239531634832328,0.1258019287808483,83274637
221.8493254184723,0.0473461151123046,2406.7319440841675,3054,0,2406.7319440841675,0.1272648790810032,95000000,2628.7291634082794,0.1253895798475487,0.1249785106294579,83274637
245.3142669200897,0.0717847347259521,3606.915803670883,4590,0,3606.915803670883,0.1271673913548519,95000000,3852.453292131424,0.1221171261848143,0.1247986461126813,83274637
268.6245036125183,0.1031219959259033,4807.1970937252045,6111,0,4807.1970937252045,0.1264952478412828,95000000,5076.125498533249,0.1246137860342391,0.1240950822251107,83274637
292.01829075813293,0.1278812885284423,6007.624234676361,7631,0,6007.624234676361,0.1263192885587993,95000000,6300.0208122730255,0.1202213231872462,0.1239485521564026,83274637
315.3039107322693,0.1507117748260498,7208.275316238403,9157,0,7208.275316238403,0.12599986039268093,95000000,7524.030328273773,0.12338495680933478,0.12366559019419682,83274637
