{
  "learning_rate": 0.05493199486120455,
  "beta1": 0.954922991734919,
  "beta2": 0.9986188074995163,
  "warmup_steps": 799,
  "weight_decay": 0.00011065469792077193
}