{
  "learning_rate": 0.04037951750205473,
  "beta1": 0.9932215932637941,
  "beta2": 0.9425306939334134,
  "warmup_steps": 542,
  "weight_decay": 0.14877061239151607
}