{
    "learning_rate": {
        "feasible_points": [
            0.0003477912008450351
        ]
    },
    "beta1": {
        "feasible_points": [
            0.9936632117510711
        ]
    },
    "beta2": {
        "feasible_points": [
            0.9967873550453692
        ]
    },
    "warmup_steps": {
        "feasible_points": [
            9999
        ]
    },
    "weight_decay": {
        "feasible_points": [
            0.04120183162940475
        ]
    },
    "label_smoothing": {
        "feasible_points": [
            0.0
        ]
    }
}
