{
    "learning_rate": {
        "feasible_points": [
            0.000872041489644454
        ]
    },
    "beta1": {
        "feasible_points": [
            0.45562164405092065
        ]
    },
    "beta2": {
        "feasible_points": [
            0.9982167124443476
        ]
    },
    "warmup_steps": {
        "feasible_points": [
            4999
        ]
    },
    "weight_decay": {
        "feasible_points": [
            0.01536114562763022
        ]
    },
    "label_smoothing": {
        "feasible_points": [
            0.0
        ]
    }
}
