{
    "learning_rate": {
        "feasible_points": [
            0.0014446807792420305
        ]
    },
    "beta1": {
        "feasible_points": [
            0.7427148812902895
        ]
    },
    "beta2": {
        "feasible_points": [
            0.8993064520764248
        ]
    },
    "warmup_steps": {
        "feasible_points": [
            3000
        ]
    },
    "weight_decay": {
        "feasible_points": [
            0.06875136511682291
        ]
    }
}
