{
    "learning_rate": {
        "feasible_points": [
            0.01897755400372091
        ]
    },
    "beta1": {
        "feasible_points": [
            0.9666072782043229
        ]
    },
    "beta2": {
        "feasible_points": [
            0.99681600289198
        ]
    },
    "warmup_steps": {
        "feasible_points": [
            6999
        ]
    },
    "weight_decay": {
        "feasible_points": [
            0.015653883841116094
        ]
    }
}
