{
  "learning_rate": 0.01897755400372091,
  "beta1": 0.9666072782043229,
  "beta2": 0.99681600289198,
  "warmup_steps": 3000,
  "weight_decay": 0.015653883841116094
}