accumulated_eval_time,accumulated_logging_time,accumulated_submission_time,global_step,preemption_count,score,test/loss,test/num_examples,total_duration,train/loss,validation/loss,validation/num_examples
165.15218567848206,0.0,6.695144176483154,1,0,6.695144176483154,0.4188618532072368,95000000,171.84738278388977,0.4174958868596539,0.4188120656037804,83274637
189.17342853546145,0.0179743766784667,1207.2788932323456,1524,0,1207.2788932323456,0.128335424712171,95000000,1396.5214047431946,0.1258377176035875,0.1260088345630524,83274637
212.356232881546,0.0437788963317871,2407.3932876586914,3042,0,2407.3932876586914,0.1280807847861842,95000000,2619.8952460289,0.1236309052544569,0.1256461182378825,83274637
236.05473399162287,0.0727894306182861,3607.7674717903137,4562,0,3607.7674717903137,0.1268517716899671,95000000,3844.047542095184,0.1213925681867689,0.1244713451700486,83274637
259.6351001262665,0.097424030303955,4808.567242622376,6063,0,4808.567242622376,0.1263481180612664,95000000,5068.501587867737,0.1228239984257416,0.1238887687976352,83274637
282.9353101253509,0.1199071407318115,6008.508641242981,7559,0,6008.508641242981,0.126163258696546,95000000,6291.814614772797,0.1220807054507657,0.1238988479750893,83274637
306.9958863258362,0.14849400520324707,7208.577575683594,9077,0,7208.577575683594,0.12595633828125,95000000,7516.021926641464,0.12144491376367005,0.12366305692549881,83274637
