accumulated_eval_time,accumulated_logging_time,accumulated_submission_time,global_step,preemption_count,score,test/loss,test/num_examples,total_duration,train/loss,validation/loss,validation/num_examples
22.948208332061768,0.0,9.029136180877686,1,0,9.029136180877686,0.5930051776315789,95000000,31.97738528251648,0.5933495756215269,0.5934494414247642,83274637
44.91099667549133,0.0170416831970214,1209.289989709854,1524,0,1209.289989709854,0.1289717205078125,95000000,1254.2688052654266,0.1254836830702967,0.1263740532445221,83274637
66.89414644241333,0.0477163791656494,2409.679847240448,3041,0,2409.679847240448,0.1296342404913651,95000000,2476.72232413292,0.1241661334094011,0.1265863525131607,83274637
88.92537879943848,0.0753521919250488,3609.713275909424,4576,0,3609.713275909424,0.1281889597039473,95000000,3698.865172863007,0.1279426673017208,0.1258326709029965,83274637
111.1356008052826,0.1027441024780273,4809.681446075439,6120,0,4809.681446075439,0.1283866040501644,95000000,4921.120703935623,0.1255744771106438,0.1258819443746869,83274637
133.25801420211792,0.12852144241333,6010.143446445465,7648,0,6010.143446445465,0.1280765943976151,95000000,6143.780212402344,0.1243427811459925,0.1257455138415223,83274637
155.45485138893127,0.15249276161193848,7210.4379069805145,9180,0,7210.4379069805145,0.12752799109786184,95000000,7366.344910621643,0.12473163842780036,0.125333197705428,83274637
