{
  "learning_rate": 0.001734480757979605,
  "beta1": 0.855609542347586,
  "beta2": 0.9834185656478605,
  "warmup_steps": 3000,
  "weight_decay": 0.019843063335529494
}