accumulated_eval_time,accumulated_logging_time,accumulated_submission_time,global_step,preemption_count,score,test/loss,test/num_examples,total_duration,train/loss,validation/loss,validation/num_examples
21.71107530593872,0.0,5.745176553726196,1,0,5.745176553726196,0.457260122944079,95000000,27.456290245056152,0.4569042233176201,0.4571109073102294,83274637
43.60981583595276,0.0187180042266845,1206.3538706302645,1360,0,1206.3538706302645,0.1278922480674342,95000000,1250.0298562049866,0.1240272384207203,0.1257054161453444,83274637
65.35720086097717,0.0409667491912841,2406.909574985504,2723,0,2406.909574985504,0.1277309679070723,95000000,2472.4036326408386,0.1244316359267294,0.125226907604983,83274637
87.16394591331482,0.0645015239715576,3607.4408810138702,4077,0,3607.4408810138702,0.1268861670435855,95000000,3694.8120152950287,0.1217468752519889,0.1245135632034487,83274637
109.07357454299928,0.0923397541046142,4807.448707580566,5444,0,4807.448707580566,0.1265907369449013,95000000,4916.806090593338,0.1211082811156908,0.1241941247988418,83274637
130.9825460910797,0.1210646629333496,6008.207366943359,6783,0,6008.207366943359,0.1263803292557565,95000000,6139.55067896843,0.1223790561253169,0.1240410344531132,83274637
152.8712134361267,0.15064787864685059,7208.455326795578,8125,0,7208.455326795578,0.12615202905016448,95000000,7361.763083457947,0.12305975194622136,0.12380716147327667,83274637
