{
  "learning_rate": 0.00026032497966327757,
  "beta1": 0.9709035036599892,
  "beta2": 0.6572080806975734,
  "warmup_steps": 13999,
  "weight_decay": 0.03077045727617869
}