{
  "learning_rate": 0.001308209823469072,
  "beta1": 0.9731333693827139,
  "beta2": 0.9981232922116359,
  "warmup_steps": 9999,
  "weight_decay": 0.16375311233774334
}