accumulated_eval_time,accumulated_logging_time,accumulated_submission_time,global_step,preemption_count,score,test/loss,test/num_examples,total_duration,train/loss,validation/loss,validation/num_examples
22.5659658908844,0.0,9.183252811431885,1,0,9.183252811431885,1.1383302977796053,95000000,31.74926257133484,1.1377923391150229,1.1412394287140513,83274637
44.02743005752564,0.0185277462005615,1209.4919574260712,1553,0,1209.4919574260712,0.1286738535259046,95000000,1253.5894060134888,0.1237834237469067,0.1264740821536094,83274637
65.60438871383667,0.0516526699066162,2409.6908428668976,3102,0,2409.6908428668976,0.1286282376130756,95000000,2475.4475286006927,0.1235720918238537,0.1262985270315558,83274637
87.3217556476593,0.0744392871856689,3609.815655231476,4651,0,3609.815655231476,0.1278445281044408,95000000,3697.361325979233,0.12652800419608,0.1256186724844264,83274637
109.03082489967346,0.1045811176300048,4810.387387752533,6206,0,4810.387387752533,0.1277123699013158,95000000,4919.721008300781,0.1242330909337637,0.1254181505581045,83274637
130.81375217437744,0.1347107887268066,6010.884887456894,7754,0,6010.884887456894,0.1278925601151316,95000000,6142.080229520798,0.1240850572222433,0.1256028640058797,83274637
152.58654189109802,0.16337895393371582,7211.590596199036,9298,0,7211.590596199036,0.1276181388877467,95000000,7364.635870933533,0.12417525559101465,0.1254012833650959,83274637
