accumulated_eval_time,accumulated_logging_time,accumulated_submission_time,global_step,preemption_count,score,test/loss,test/num_examples,total_duration,train/loss,validation/loss,validation/num_examples
22.36259961128235,0.0,5.777649641036987,1,0,5.777649641036987,1.1383302977796053,95000000,28.140287399291992,1.136454695425693,1.1412394287140513,83274637
44.922887086868286,0.0194365978240966,1206.3347568511963,1420,0,1206.3347568511963,0.1284445489617598,95000000,1251.3243670463562,0.1234569041140424,0.1260957703123941,83274637
67.28594326972961,0.0445485115051269,2406.601612329483,2839,0,2406.601612329483,0.1278019597039473,95000000,2474.02592253685,0.1252233332151887,0.1253235501757576,83274637
89.56600451469421,0.0698604583740234,3606.578542947769,4254,0,3606.578542947769,0.1268322721628289,95000000,3696.3545751571655,0.1229900993734785,0.1244401118738139,83274637
111.88411116600037,0.0961744785308837,4807.285554647446,5661,0,4807.285554647446,0.1266506056332237,95000000,4919.452340841293,0.1233027539913009,0.1243415355660001,83274637
134.33966636657715,0.1190066337585449,6007.639580249786,7089,0,6007.639580249786,0.1265344593852796,95000000,6142.330835580826,0.1228763087646766,0.1242025253251779,83274637
156.77400660514832,0.14187884330749512,7207.912177801132,8502,0,7207.912177801132,0.12635440872738488,95000000,7365.107407331467,0.12026732218153072,0.12393889111721676,83274637
