{
  "learning_rate": 0.00027866530268792414,
  "beta1": 0.9919340993463499,
  "beta2": 0.9979843253162892,
  "warmup_steps": 6000,
  "weight_decay": 0.00032418357325210813
}