accumulated_eval_time,accumulated_logging_time,accumulated_submission_time,global_step,preemption_count,score,test/loss,test/num_examples,total_duration,train/loss,validation/loss,validation/num_examples
22.243659734725952,0.0,6.33348536491394,1,0,6.33348536491394,0.5930051776315789,95000000,28.57718396186829,0.5933873810858097,0.5934494414247642,83274637
44.658483028411865,0.0171129703521728,1206.740442276001,1400,0,1206.740442276001,0.1280286769942434,95000000,1251.46262717247,0.1248062971815373,0.1256744583869365,83274637
66.82098436355591,0.0410530567169189,2406.969470500946,2807,0,2406.969470500946,0.1272585674650493,95000000,2473.924459457397,0.1213179879218527,0.1250336486850282,83274637
89.17287230491638,0.0666711330413818,3607.6907799243927,4214,0,3607.6907799243927,0.1268623212993421,95000000,3697.0699832439423,0.1216190793791657,0.1245090394858911,83274637
111.49109768867493,0.0916898250579834,4807.679771661758,5614,0,4807.679771661758,0.126648775051398,95000000,4919.4477915763855,0.121329590490779,0.1242824161436302,83274637
133.719393491745,0.1192834377288818,6007.800831317902,7014,0,6007.800831317902,0.1262987828022204,95000000,6141.869731664658,0.1249938235155441,0.1239446981449315,83274637
155.94320702552795,0.14342546463012695,7207.755153179169,8407,0,7207.755153179169,0.12602336692023025,95000000,7364.11737537384,0.12131002934286429,0.12371043292006484,83274637
