{
  "learning_rate": 0.0008445074561975979,
  "beta1": 0.8895758153482813,
  "beta2": 0.9978504782314613,
  "warmup_steps": 6999,
  "weight_decay": 0.08135402759553023
}