{
  "learning_rate": 0.002517072211464665,
  "beta1": 0.9908351643533544,
  "beta2": 0.9859568907533993,
  "warmup_steps": 799,
  "weight_decay": 0.12274552870237089
}