{
  "learning_rate": 0.001493629901423942,
  "beta1": 0.9592129978682067,
  "beta2": 0.9824918272399145,
  "warmup_steps": 399,
  "weight_decay": 0.00038587516415285595
}