accumulated_eval_time,accumulated_logging_time,accumulated_submission_time,global_step,preemption_count,score,test/loss,test/num_examples,total_duration,train/loss,validation/loss,validation/num_examples
789.6232960224152,0.0,19.821783542633057,1,0,19.821783542633057,0.5930051776315789,95000000,809.4451253414154,0.5934471255578335,0.5934494414247642,83274637
1430.9373450279236,0.0283305644989013,1220.1847472190857,1559,0,1220.1847472190857,0.128100659087171,95000000,2651.2012639045715,0.1240559720299528,0.1257393250761783,83274637
1983.853398323059,0.0619218349456787,2420.6119287014008,3122,0,2420.6119287014008,0.1275880861328125,95000000,4404.628431797028,0.1231940922872075,0.1251292627970266,83274637
2523.788309574127,0.0908405780792236,3620.54736661911,4693,0,3620.54736661911,0.1267332276110197,95000000,6144.577065706253,0.1228165935326672,0.1243790355418331,83274637
3033.384358644485,0.1131591796875,4820.525413274765,6272,0,4820.525413274765,0.1267882915296052,95000000,7854.223849773407,0.1232032984401444,0.1243668215794804,83274637
3491.767944574356,0.1436803340911865,6020.769790649414,7845,0,6020.769790649414,0.1263900748766447,95000000,9512.933719873428,0.1219598606416264,0.1240499002602977,83274637
3818.5553402900696,0.16919875144958496,7221.337500095367,9407,0,7221.337500095367,0.12598504163240132,95000000,11040.364230632782,0.12371866953260494,0.12366220080686152,83274637
