accumulated_eval_time,accumulated_logging_time,accumulated_submission_time,global_step,preemption_count,score,test/loss,test/num_examples,total_duration,train/loss,validation/loss,validation/num_examples
22.293355464935303,0.0,6.213699102401733,1,0,6.213699102401733,1.5194805184210527,95000000,28.50710606575012,1.5197636916202568,1.5212185261462023,83274637
44.59408211708069,0.0184142589569091,1206.1726896762848,1579,0,1206.1726896762848,0.1277996791118421,95000000,1250.8360691070557,0.1243806681449308,0.1254170771614261,83274637
66.96817874908447,0.0433871746063232,2406.662718772888,3160,0,2406.662718772888,0.1272734294921875,95000000,2473.7763113975525,0.1239324527903922,0.1248393983167407,83274637
89.11408042907715,0.0679883956909179,3606.842771530152,4744,0,3606.842771530152,0.1266547538342927,95000000,3696.1776309013367,0.1232597236550828,0.1243291537197724,83274637
111.42054176330566,0.0913968086242675,4807.368099927902,6330,0,4807.368099927902,0.1265950968955592,95000000,4919.084401607513,0.1246934863943723,0.1241852502667619,83274637
133.62959718704224,0.1174366474151611,6007.8526430130005,7909,0,6007.8526430130005,0.126114404738898,95000000,6141.8548221588135,0.1223530204228635,0.1237904075631845,83274637
155.8615963459015,0.14365887641906738,7208.395542383194,9492,0,7208.395542383194,0.12595479833470394,95000000,7364.707081079483,0.12048418599667039,0.123623332617319,83274637
