{
    "learning_rate": {
        "feasible_points": [
            0.003632312571224348
        ]
    },
    "beta1": {
        "feasible_points": [
            0.9980088784197237
        ]
    },
    "beta2": {
        "feasible_points": [
            0.9982275351621527
        ]
    },
    "warmup_steps": {
        "feasible_points": [
            6000
        ]
    },
    "weight_decay": {
        "feasible_points": [
            0.2479797019098727
        ]
    }
}
