accumulated_eval_time,accumulated_logging_time,accumulated_submission_time,global_step,preemption_count,score,test/loss,test/num_examples,total_duration,train/loss,validation/loss,validation/num_examples
22.568405866622925,0.0,5.746478080749512,1,0,5.746478080749512,0.4188618532072368,95000000,28.314929246902462,0.417861022289444,0.4188120656037804,83274637
45.48547530174256,0.0170862674713134,1205.8514742851255,1410,0,1205.8514742851255,0.1280632156044407,95000000,1251.4007487297058,0.1253754194802458,0.1256152709010007,83274637
68.39558744430542,0.0397999286651611,2405.9904704093933,2812,0,2405.9904704093933,0.1279820143194901,95000000,2474.51877117157,0.1242157695522098,0.1256440325187938,83274637
91.25166869163512,0.0668396949768066,3605.944534778595,4206,0,3605.944534778595,0.1269549632709704,95000000,3697.401435613632,0.1228075881236754,0.1245392818028735,83274637
114.03592133522034,0.0925056934356689,4806.842922210693,5604,0,4806.842922210693,0.1264720616570723,95000000,4921.155634880066,0.1248605644927834,0.1240328853538713,83274637
136.51566314697266,0.1157255172729492,6007.645996809006,7000,0,6007.645996809006,0.1262262012335526,95000000,6144.508240938187,0.1227599759146852,0.123875571689673,83274637
159.04064083099365,0.13881611824035645,7207.703269481659,8390,0,7207.703269481659,0.12607612123766448,95000000,7367.158077716827,0.12214348680755627,0.12379352441480772,83274637
