accumulated_eval_time,accumulated_logging_time,accumulated_submission_time,global_step,preemption_count,score,test/loss,test/num_examples,total_duration,train/loss,validation/loss,validation/num_examples
770.6096827983856,0.0,20.892271518707275,1,0,20.892271518707275,1.5194805184210527,95000000,791.5020091533661,1.519693479597943,1.5212185261462023,83274637
1402.949651002884,0.0265877246856689,1221.243737697601,1623,0,1221.243737697601,0.1287275309518914,95000000,2624.271951198578,0.1242260946042882,0.126126404030062,83274637
1947.666404247284,0.0520765781402587,2421.242283344269,3236,0,2421.242283344269,0.1276052690583881,95000000,4369.06401515007,0.1254858712917604,0.1251327878424135,83274637
2479.767473459244,0.0789272785186767,3621.582787752152,4855,0,3621.582787752152,0.1270578274876644,95000000,6101.583913326263,0.1232307549074011,0.1247294805830255,83274637
2976.7446382045746,0.1071887016296386,4821.726407766342,6483,0,4821.726407766342,0.1265536055407072,95000000,7798.784013032913,0.1239696584126484,0.1241865348903442,83274637
3418.107749462128,0.1339259147644043,6021.679481744766,8093,0,6021.679481744766,0.1263109411800987,95000000,9440.177884578705,0.1217597047769048,0.1239406133459038,83274637
3735.948078393936,0.15744614601135254,7221.771959543228,9706,0,7221.771959543228,0.12604977984169408,95000000,10958.185050487518,0.12191009296561187,0.123722453762017,83274637
