{
    "learning_rate": {
        "feasible_points": [
            0.003564490478018919
        ]
    },
    "beta1": {
        "feasible_points": [
            0.9900859559428544
        ]
    },
    "beta2": {
        "feasible_points": [
            0.9865436992751571
        ]
    },
    "warmup_steps": {
        "feasible_points": [
            10000
        ]
    },
    "weight_decay": {
        "feasible_points": [
            0.004977248268788767
        ]
    },
    "label_smoothing": {
        "feasible_points": [
            0.02041035032183629
        ]
    }
}
