accumulated_eval_time,accumulated_logging_time,accumulated_submission_time,global_step,preemption_count,score,test/loss,test/num_examples,total_duration,train/loss,validation/loss,validation/num_examples
159.1849820613861,0.0,5.877012491226196,1,0,5.877012491226196,1.5194805184210527,95000000,165.06203317642212,1.5198267240944148,1.5212185261462023,83274637
183.4349095821381,0.0187382698059082,1206.2299313545227,1441,0,1206.2299313545227,0.1293855753186677,95000000,1389.7307302951813,0.1235415176869188,0.1271633574300359,83274637
207.0030398368836,0.0434603691101074,2406.5499982833862,2903,0,2406.5499982833862,0.1287444120682565,95000000,2613.691510438919,0.1266419379122602,0.1266030428628587,83274637
229.8640608787537,0.0680716037750244,3606.9658749103546,4372,0,3606.9658749103546,0.127792316899671,95000000,3837.0405600070953,0.1236161842661083,0.1252928578699478,83274637
253.03732204437256,0.0901024341583252,4807.48178434372,5847,0,4807.48178434372,0.1266098435032894,95000000,5060.800463438034,0.1234146692561653,0.1242218719364546,83274637
276.6709907054901,0.1133763790130615,6008.018783092499,7325,0,6008.018783092499,0.1265671436060855,95000000,6285.041886091232,0.1219054411792155,0.1241356377437586,83274637
300.1837706565857,0.13881635665893555,7208.39083981514,8800,0,7208.39083981514,0.12635513429276315,95000000,7508.999789476395,0.1216050774421332,0.12398396416156097,83274637
