accumulated_eval_time,accumulated_logging_time,accumulated_submission_time,global_step,preemption_count,score,test/loss,test/num_examples,total_duration,train/loss,validation/loss,validation/num_examples
22.160903692245483,0.0,5.787775278091431,1,0,5.787775278091431,0.457260122944079,95000000,27.94872999191284,0.456549252166688,0.4571109073102294,83274637
44.573280334472656,0.0164179801940917,1205.7778165340424,1393,0,1205.7778165340424,0.1283989195415296,95000000,1250.4170544147491,0.1248274825560221,0.1259217729594396,83274637
66.96710991859436,0.0449867248535156,2406.32721567154,2747,0,2406.32721567154,0.1274786297286184,95000000,2473.437765598297,0.1246258874171934,0.125082685552565,83274637
89.32167363166809,0.0709710121154785,3606.89742398262,4128,0,3606.89742398262,0.1268704804070723,95000000,3696.4365243911743,0.1226278332606801,0.124549532851386,83274637
111.73241209983826,0.0971765518188476,4807.161467552185,5527,0,4807.161467552185,0.126873588671875,95000000,4919.186618089676,0.1210244252059444,0.1243756420265902,83274637
134.3200616836548,0.1260366439819336,6007.878246545792,6912,0,6007.878246545792,0.1262866741981907,95000000,6142.56973862648,0.1247343713382505,0.1239951419253109,83274637
156.87633275985718,0.14765334129333496,7208.5314157009125,8276,0,7208.5314157009125,0.12630719304070723,95000000,7365.848479747772,0.12290918686479893,0.12398521116489526,83274637
