accumulated_eval_time,accumulated_logging_time,accumulated_submission_time,global_step,preemption_count,score,test/loss,test/num_examples,total_duration,train/loss,validation/loss,validation/num_examples
155.3625431060791,0.0,5.699930191040039,1,0,5.699930191040039,0.457260122944079,95000000,161.06252551078796,0.4567256082528792,0.4571109073102294,83274637
178.03247785568237,0.0186891555786132,1206.3205771446228,1333,0,1206.3205771446228,0.1282896378392269,95000000,1384.4192180633545,0.1243324928782271,0.1258608463579222,83274637
200.46779704093933,0.0492315292358398,2406.714089870453,2718,0,2406.714089870453,0.1274692210834704,95000000,2607.327826023102,0.1239407410692868,0.1250111534184772,83274637
223.11623096466064,0.0789625644683837,3606.766949415207,4097,0,3606.766949415207,0.1269236832648026,95000000,3830.107353925705,0.122401347793873,0.1246056620738406,83274637
245.94660782814023,0.1041405200958252,4807.293630361557,5459,0,4807.293630361557,0.1267341659333881,95000000,5053.537276268005,0.1230073884223242,0.1242982392105774,83274637
268.8433749675751,0.13230562210083,6008.01816034317,6819,0,6008.01816034317,0.126314287109375,95000000,6277.2343101501465,0.1250520946001106,0.1240117562370761,83274637
291.9232795238495,0.15978431701660156,7208.564959049225,8194,0,7208.564959049225,0.1262119042763158,95000000,7500.937597751617,0.11901546869450395,0.12387405083720149,83274637
