{
    "learning_rate": {
        "feasible_points": [
            0.000590120167916659
        ]
    },
    "beta1": {
        "feasible_points": [
            0.737199286155609
        ]
    },
    "beta2": {
        "feasible_points": [
            0.05919391544031072
        ]
    },
    "warmup_steps": {
        "feasible_points": [
            9999
        ]
    },
    "weight_decay": {
        "feasible_points": [
            0.14128519778326312
        ]
    }
}
