accumulated_eval_time,accumulated_logging_time,accumulated_submission_time,global_step,preemption_count,score,test/loss,test/num_examples,total_duration,train/loss,validation/loss,validation/num_examples
23.736982822418213,0.0,6.709789276123047,1,0,6.709789276123047,0.4188618532072368,95000000,30.446840286254883,0.4181562261011615,0.4188120656037804,83274637
50.14362454414368,0.0191893577575683,1207.0080687999723,1524,0,1207.0080687999723,0.1283900325041118,95000000,1257.2221710681915,0.1257212884114973,0.1256773305193152,83274637
74.33149528503418,0.0458357334136962,2407.0765080451965,3026,0,2407.0765080451965,0.127627279399671,95000000,2481.554374933243,0.1224746711599002,0.1250115902730533,83274637
98.81931662559508,0.0688531398773193,3607.626647233963,4533,0,3607.626647233963,0.1269304060855263,95000000,3706.6648955345154,0.1217223097037219,0.1245626172862362,83274637
122.87645244598389,0.0949859619140625,4807.566356658936,6050,0,4807.566356658936,0.1267423980263158,95000000,4930.737677097321,0.1214077326486695,0.1243880322693571,83274637
150.06325364112854,0.1183829307556152,6007.942964553833,7549,0,6007.942964553833,0.1263650322985197,95000000,6158.37321305275,0.1233120016613096,0.1240022305744935,83274637
174.17526245117188,0.145538330078125,7208.53520655632,9067,0,7208.53520655632,0.12593963112664475,95000000,7383.154753684998,0.12435142550640886,0.12369175456072537,83274637
