{
  "learning_rate": {
      "feasible_points": [
          0.0033313215673016375
      ]
  },
  "beta1": {
      "feasible_points": [
          0.948000082541717
      ]
  },
  "beta2": {
      "feasible_points": [
          0.9987934318891598
      ]
  },
  "warmup_steps": {
      "feasible_points": [
          159
      ]
  },
  "weight_decay": {
      "feasible_points": [
          0.0035784380304876183
      ]
  }
}
