{
  "learning_rate": 0.0033313215673016375,
  "beta1": 0.948000082541717,
  "beta2": 0.9987934318891598,
  "warmup_steps": 159,
  "weight_decay": 0.0035784380304876183
}