{
    "learning_rate": {
        "feasible_points": [
            0.001734480757979605
        ]
    },
    "beta1": {
        "feasible_points": [
            0.855609542347586
        ]
    },
    "beta2": {
        "feasible_points": [
            0.9834185656478605
        ]
    },
    "warmup_steps": {
        "feasible_points": [
            3000
        ]
    },
    "weight_decay": {
        "feasible_points": [
            0.019843063335529494
        ]
    }
}