{
  "learning_rate": 0.0003477912008450351,
  "beta1": 0.9936632117510711,
  "beta2": 0.9967873550453692,
  "warmup_steps": 9999,
  "weight_decay": 0.04120183162940475,
  "label_smoothing": 0.0
}