accumulated_eval_time,accumulated_logging_time,accumulated_submission_time,global_step,preemption_count,score,test/loss,test/num_examples,total_duration,train/loss,validation/loss,validation/num_examples
785.1935272216797,0.0,27.716558933258057,1,0,27.716558933258057,1.1383302977796053,95000000,812.9101238250732,1.1387101996619746,1.1412394287140513,83274637
1433.7186193466189,0.0321598052978515,1227.957686662674,1576,0,1227.957686662674,0.1283590380139802,95000000,2661.7595295906067,0.1265354322374991,0.1257825652357692,83274637
2006.2125263214111,0.0580251216888427,2427.9918830394745,3157,0,2427.9918830394745,0.1273610610094572,95000000,4434.363398075104,0.1250145559509595,0.1248898546215668,83274637
2546.6115198135376,0.0854334831237793,3628.334785699845,4736,0,3628.334785699845,0.1271178178659539,95000000,6175.182409763336,0.1245123667630759,0.1246454173882349,83274637
3048.265507698059,0.107569932937622,4828.327179908752,6300,0,4828.327179908752,0.1267488249794408,95000000,7876.901391744614,0.1229369122089829,0.1243104364736678,83274637
3489.507905483246,0.137164831161499,6028.836967468262,7873,0,6028.836967468262,0.126348890234375,95000000,9518.732946872711,0.1235138203644152,0.1239335534513497,83274637
3810.321284532547,0.16239404678344727,7228.878541469574,9450,0,7228.878541469574,0.12599259650493422,95000000,11039.662580251694,0.12572382367069615,0.1236452393286926,83274637
