accumulated_eval_time,accumulated_logging_time,accumulated_submission_time,global_step,preemption_count,score,test/loss,test/num_examples,total_duration,train/loss,validation/loss,validation/num_examples
21.726317644119263,0.0,5.916582107543945,1,0,5.916582107543945,1.1383302977796053,95000000,27.642942667007446,1.137724521025172,1.1412394287140513,83274637
43.38259959220886,0.0167696475982666,1206.0222396850586,1435,0,1206.0222396850586,0.1285183155016447,95000000,1249.4685735702517,0.1271230274776242,0.1260156512863274,83274637
65.00065398216248,0.0475471019744873,2406.620073080063,2861,0,2406.620073080063,0.1274107140419408,95000000,2471.7603373527527,0.1212015245226944,0.124953155848791,83274637
87.16549277305603,0.0716829299926757,3606.948037385941,4300,0,3606.948037385941,0.1269433251644736,95000000,3694.322910785675,0.1248393994551034,0.1245742178790584,83274637
108.96741604804993,0.0965254306793212,4807.114329099655,5742,0,4807.114329099655,0.1265665383018092,95000000,4916.36280465126,0.1219415247159184,0.1242236964246688,83274637
130.712637424469,0.1242105960845947,6007.315401077271,7188,0,6007.315401077271,0.1262289715049342,95000000,6138.382369041443,0.1219883938349268,0.123905986112254,83274637
152.55200576782227,0.149766206741333,7207.853322982788,8613,0,7207.853322982788,0.1259711364925987,95000000,7360.8301429748535,0.12188524190547331,0.12371287828309596,83274637
