accumulated_eval_time,accumulated_logging_time,accumulated_submission_time,global_step,preemption_count,score,test/loss,test/num_examples,total_duration,train/loss,validation/loss,validation/num_examples
800.0324959754944,0.0,20.40406966209412,1,0,20.40406966209412,0.4188618532072368,95000000,820.4366059303284,0.417869397116907,0.4188120656037804,83274637
1453.5206379890442,0.0263786315917968,1220.853224515915,1534,0,1220.853224515915,0.1284171869860197,95000000,2674.450860977173,0.1249114120343946,0.1259749513847325,83274637
2008.7453598976133,0.051041841506958,2420.9457845687866,3077,0,2420.9457845687866,0.1273812083778782,95000000,4429.84237241745,0.1229683316353732,0.124958537045319,83274637
2557.459654331208,0.0768871307373046,3621.1655600070953,4620,0,3621.1655600070953,0.1268847081208881,95000000,6178.8516590595245,0.1236519870236984,0.1245262420713854,83274637
3071.446784257889,0.1051466464996337,4821.371724128723,6166,0,4821.371724128723,0.1269528404091283,95000000,7893.121944189072,0.1236871280853853,0.124615452719941,83274637
3525.393592596054,0.1279835700988769,6021.972544908524,7706,0,6021.972544908524,0.1261517924547697,95000000,9547.742681503296,0.1238551849745354,0.1238614922883872,83274637
3847.1143724918365,0.15393447875976562,7222.520458698273,9250,0,7222.520458698273,0.12587958279194078,95000000,11070.087594270706,0.12005350195199439,0.1235807650252051,83274637
