accumulated_eval_time,accumulated_logging_time,accumulated_submission_time,global_step,preemption_count,score,test/loss,test/num_examples,total_duration,train/loss,validation/loss,validation/num_examples
23.342114448547363,0.0,6.02808952331543,1,0,6.02808952331543,0.5930051776315789,95000000,29.370241165161133,0.5932942280229533,0.5934494414247642,83274637
47.00682520866394,0.0167949199676513,1206.50141620636,1409,0,1206.50141620636,0.1284075707339638,95000000,1253.5709066390991,0.1253464801131554,0.1260380975339766,83274637
72.8450014591217,0.0519769191741943,2406.9263048172,2832,0,2406.9263048172,0.1275689274362664,95000000,2479.915580034256,0.1256817717503451,0.1252486379890344,83274637
96.83144330978394,0.0794475078582763,3607.616421222687,4262,0,3607.616421222687,0.1276711111739309,95000000,3704.666927576065,0.1236076376067017,0.1250838564710585,83274637
120.74389028549194,0.1047101020812988,4808.179257631302,5685,0,4808.179257631302,0.126843351223273,95000000,4929.213754653931,0.1240097874271794,0.1244795237744476,83274637
146.62033653259277,0.1263008117675781,6008.445064067841,7097,0,6008.445064067841,0.1263845815275493,95000000,6155.423595905304,0.1244147480377611,0.1240670128761714,83274637
170.11274075508118,0.1586766242980957,7208.413768529892,8533,0,7208.413768529892,0.1260424281044408,95000000,7378.963323831558,0.12057999901051791,0.12371181727014012,83274637
