accumulated_eval_time,accumulated_logging_time,accumulated_submission_time,global_step,preemption_count,score,test/loss,test/num_examples,total_duration,train/loss,validation/loss,validation/num_examples
23.47407269477844,0.0,5.458779335021973,1,0,5.458779335021973,1.5194805184210527,95000000,28.932892322540283,1.5213117389558997,1.5212185261462023,83274637
46.20129990577698,0.0184102058410644,1205.438355922699,1492,0,1205.438355922699,0.1282428620682565,95000000,1251.7059638500214,0.1246110814266234,0.1259296333866036,83274637
68.91265916824341,0.0441446304321289,2405.723908662796,2968,0,2405.723908662796,0.1277512381373355,95000000,2474.776403188705,0.1217813355461606,0.1253189053416408,83274637
91.86134266853333,0.0815405845642089,3606.100022315979,4452,0,3606.100022315979,0.1268565652652138,95000000,3698.186697721481,0.1252774153865358,0.1246079937786909,83274637
114.52473449707033,0.1039731502532959,4806.658087968826,5929,0,4806.658087968826,0.1267495561369243,95000000,4921.478246450424,0.1227557818938351,0.1244513198932497,83274637
137.27002453804016,0.1286251544952392,6006.600213289261,7390,0,6006.600213289261,0.1264927567125822,95000000,6144.236940383911,0.1221328321492896,0.1241153744086569,83274637
163.1682367324829,0.1530437469482422,7206.640828609467,8856,0,7206.640828609467,0.12617349113898027,95000000,7370.247405529022,0.12047344727336236,0.12387181979700494,83274637
